title,description
Programmer Analyst III,Beam Radiation of Right Breast using Neutrons
Web Developer IV,"Bypass Ascending Colon to Rectum with Synth Sub, Endo"
Technical Writer,"Revision of Synth Sub in Cervcal Vertebra, Open Approach"
Environmental Specialist,"Supplement L Extraoc Muscle with Nonaut Sub, Perc Approach"
Analog Circuit Design manager,"Dilate of Sup Vena Cava with Drug-elut Intra, Open Approach"
Safety Technician II,"Supplement Left Nipple with Nonaut Sub, Open Approach"
Product Engineer,"Repair Accessory Nerve, Percutaneous Endoscopic Approach"
Nurse,"Supplement Int Mamm, L Lymph with Autol Sub, Open Approach"
Marketing Assistant,"Obstetrics, Pregnancy, Inspection"
Project Manager,"Supplement Left Thumb with Autol Sub, Open Approach"
Human Resources Manager,"Dilate R Int Mamm Art w 4 Drug-elut, Perc Endo"
Software Test Engineer I,"Drainage of Bladder Neck, Perc Endo Approach, Diagn"
Tax Accountant,"Dilation of Right Lesser Saphenous Vein, Open Approach"
Mechanical Systems Engineer,"Reposition Trachea, Open Approach"
Geological Engineer,"Release Right Hepatic Duct, Percutaneous Endoscopic Approach"
Recruiting Manager,"Revision of Intraluminal Device in Nose, Perc Approach"
Research Assistant III,"Removal of Drain Dev from Pituitary Gland, Extern Approach"
VP Product Management,"Dilate R Peroneal Art w Intralum Dev, Perc Endo"
Automation Specialist II,"Drainage of Left Shoulder Region, Open Approach, Diagnostic"
Quality Control Specialist,"Occlusion L Temporal Art w Extralum Dev, Perc Endo"
Senior Sales Associate,"Destruction of L Wrist Bursa/Lig, Perc Endo Approach"
Quality Engineer,"Replacement of Epiglottis with Synthetic Substitute, Endo"
Design Engineer,"Extirpate matter from Face Art, Bifurc, Perc Endo"
Computer Systems Analyst II,"Monitoring of Cardiac Sound, Percutaneous Approach"
Research Assistant IV,"Introduce of Oth Therap Subst into Fem Reprod, Via Opening"
Web Developer II,"Supplement Ileocecal Valve w Autol Sub, Perc Endo"
Administrative Assistant IV,Aphasia Treatment using Augment Comm Equipment
Dental Hygienist,"Extirpation of Matter from Thor Vertebra, Perc Endo Approach"
Senior Quality Engineer,"Revision of Autol Sub in L Toe Phalanx, Perc Endo Approach"
Human Resources Manager,Exercise Treatment of Circ Body using Assist Equipment
Computer Systems Analyst I,"Destruction of Right Ethmoid Sinus, Open Approach"
Quality Control Specialist,"Extirpate matter from L Com Carotid, Bifurc, Perc Endo"
Human Resources Manager,"Revision of Nonaut Sub in R Toe Phalanx Jt, Extern Approach"
Chief Design Engineer,"Alteration of R Up Eyelid with Nonaut Sub, Open Approach"
Research Associate,"Occlusion of Left Kidney Pelvis with Intralum Dev, Endo"
Social Worker,"Dilation of L Foot Art with Drug-elut Intra, Perc Approach"
Account Executive,"Remove Infusion Dev from L Metatarsotars Jt, Perc"
Junior Executive,"Removal of Drain Dev from Male Perineum, Extern Approach"
Design Engineer,"Supplement L Humeral Shaft w Synth Sub, Perc Endo"
Analyst Programmer,"Introduce of Oth Diagn Subst into Pleural Cav, Perc Approach"
Actuary,"Dilation of Left Posterior Tibial Artery, Perc Approach"
Analog Circuit Design manager,"Dilate R Int Carotid, Bifurc, w 2 Intralum Dev, Perc"
Mechanical Systems Engineer,"Drainage of Right Sphenoid Bone, Perc Endo Approach, Diagn"
Librarian,"Dilation of R Fem Art using Drug Blln, Perc Endo Approach"
Technical Writer,"Excision of Nasal Bone, Perc Endo Approach, Diagn"
Geological Engineer,"Repair Left Sacroiliac Joint, External Approach"
Sales Representative,"Drainage of Sacrum, Percutaneous Approach, Diagnostic"
Electrical Engineer,"Dilate 4+ Cor Art, Bifurc, w Intralum Dev, Perc"
VP Product Management,"Excision of Right Seminal Vesicle, Open Approach"
Chemical Engineer,"Bypass Accessory Pancreatic Duct to Lg Int, Open Approach"
Computer Systems Analyst IV,"Drainage of Left Femoral Shaft, Open Approach"
Administrative Assistant II,Beam Radiation of Kidney using Neutron Capture
VP Accounting,"Repair Left Lower Lobe Bronchus, Perc Endo Approach"
Human Resources Assistant II,"Dilation of L Post Tib Art, Bifurc, Open Approach"
Project Manager,"Repair Left Greater Saphenous Vein, Percutaneous Approach"
Staff Scientist,Planar Nucl Med Imag of Chest & Abd using Technetium 99m
Chief Design Engineer,"Remove Synth Sub from L Toe Phalanx Jt, Perc Endo"
Human Resources Manager,LDR Brachytherapy of Tongue using Palladium 103
Chemical Engineer,"Resection of Right Finger Phalanx, Open Approach"
Operator,"Removal of Autol Sub from L Sternoclav Jt, Open Approach"
Computer Systems Analyst III,"Remove Drain Dev from Low Extrem Subcu/Fascia, Extern"
Computer Systems Analyst II,"Dilate L Temporal Art, Bifurc, w Drug-elut Intra, Open"
Automation Specialist III,"Excision of Left Ethmoid Bone, Perc Endo Approach, Diagn"
Design Engineer,"Transfer Oculomotor Nrv to Trochlear Nrv, Perc Endo Approach"
Staff Accountant IV,"Bypass Portal Vein to Low Vein w Nonaut Sub, Perc Endo"
Nuclear Power Engineer,"Insertion of Infusion Device into R Low Leg, Open Approach"
VP Quality Control,"Repair Right Vocal Cord, Percutaneous Approach"
Systems Administrator I,"Restrict L Great Saphenous w Extralum Dev, Perc"
Financial Analyst,"Supplement L Knee Bursa/Lig w Autol Sub, Perc Endo"
Accountant III,"Repair Right Subclavian Vein, Percutaneous Approach"
Administrative Assistant I,"Replace of Cervcal Vertebra with Synth Sub, Open Approach"
Business Systems Development Analyst,Acoust Reflex Decay Assess w Acoust Immit/Reflex Equip
Data Coordiator,"Insert of Int Fix into L Toe Phalanx Jt, Perc Endo Approach"
Actuary,"Dilation of L Com Iliac Art with 3 Drug-elut, Open Approach"
Administrative Assistant I,"Fusion of Occip Jt, Ant Appr A Col, Open Approach"
Assistant Professor,"Destruction of L Up Arm Subcu/Fascia, Perc Approach"
Statistician I,"Bypass L Subclav Art to Bi Low Arm Art w Nonaut Sub, Open"
GIS Technical Architect,"Revision of Ext Fix in R Metacarpal, Extern Approach"
Executive Secretary,"Dilate R Colic Art, Bifurc, w Drug-elut Intra, Open"
Recruiter,"Reposition Left Acetabulum, Percutaneous Endoscopic Approach"
Senior Editor,"Bypass L Ext Iliac Art to R Femor A, Perc Endo Approach"
Programmer Analyst IV,"Reposition Right Ulna with Int Fix, Open Approach"
Librarian,"Dilate L Popl Art w Drug-elut Intra, Drug Blln, Perc"
VP Sales,"Revision of Ext Fix in R Patella, Perc Endo Approach"
Geologist I,Ultrasonography of Bilateral Renal Veins
Nurse,"Dilation of R Brach Art with 3 Intralum Dev, Perc Approach"
VP Product Management,"Removal of Ext Fix from L Finger Phalanx Jt, Open Approach"
Physical Therapy Assistant,"Revision of Int Fix in L Clavicle, Perc Endo Approach"
Software Consultant,"Dilate R Int Iliac Art, Bifurc, w 3 Drug-elut, Perc Endo"
Quality Control Specialist,"Occlusion Inf Vena Cava w Extralum Dev, Perc Endo"
Compensation Analyst,"Supplement Right Nipple with Synth Sub, Via Opening"
Geologist III,"Fluoroscopy Bi Int Carotid w H Osm Contrast, Laser Intraop"
Junior Executive,Ultrasonography of Penile Arteries
Technical Writer,"Release Left Femoral Vein, Open Approach"
Senior Editor,"MRI of R Elbow using Oth Contrast, Unenh, Enhance"
Safety Technician I,"Reposition Right Tibia with Ext Fix, Open Approach"
Administrative Assistant III,"Drainage of Left Retina, Percutaneous Approach"
Sales Associate,"Division of Left Knee Bursa and Ligament, Perc Endo Approach"
Senior Editor,"Insertion of Int Fix into R Fibula, Perc Approach"
Speech Pathologist,"Division of Bladder Neck, Percutaneous Approach"
Design Engineer,Fluoroscopy of Right Vertebral Artery using Other Contrast
Computer Systems Analyst IV,"Destruction of Pancreas, Percutaneous Endoscopic Approach"
Physical Therapy Assistant,"Change Other Device in Lower Tendon, External Approach"
Dental Hygienist,"Drainage of Right Knee Region with Drain Dev, Perc Approach"
Account Representative IV,"Drainage of Stomach, Endo"
Financial Advisor,"Bypass L Vas Deferens to R Epidid w Synth Sub, Perc Endo"
Structural Engineer,"Excision of L Hand Subcu/Fascia, Open Approach"
Developer IV,"Drainage of Right Ovary with Drain Dev, Perc Endo Approach"
Occupational Therapist,Fluoroscopy of Intracranial Sinuses using H Osm Contrast
Sales Associate,"Revise of Infusion Dev in L Finger Phalanx Jt, Open Approach"
Dental Hygienist,"Inspection of Left Lower Leg, Perc Endo Approach"
Administrative Officer,"Drain of L Hand Bursa/Lig with Drain Dev, Perc Endo Approach"
Marketing Manager,"Supplement L Com Iliac Vein w Autol Sub, Perc Endo"
Sales Representative,"Supplement Left Parietal Bone with Synth Sub, Perc Approach"
Account Executive,"Reposition Right Tarsal, Percutaneous Approach"
Accounting Assistant IV,"Dilate R Popl Art, Bifurc, w Intralum Dev, Perc Endo"
Media Manager IV,"Measurement of Respiratory Volume, Via Opening"
Geological Engineer,"Drainage of Right Nipple with Drain Dev, Extern Approach"
Account Representative III,"Insert VAD Reservoir in Chest Subcu/Fascia, Open"
Administrative Officer,"Bypass L Ext Iliac Art to B Femor A w Autol Art, Perc Endo"
VP Accounting,"Revision of Infusion Device in Kidney, Perc Endo Approach"
Assistant Manager,"Reattachment of Left Lower Leg Muscle, Open Approach"
Software Engineer III,"Restrict R Axilla Art w Intralum Dev, Perc Endo"
Administrative Officer,"Supplement R Knee Bursa/Lig with Nonaut Sub, Open Approach"
Cost Accountant,"Revision of Infusion Device in Pancreat Duct, Perc Approach"
Legal Assistant,"Reposition Bladder Neck, Open Approach"
Computer Systems Analyst III,"Bypass Thor Aorta Asc to Carotid w Autol Vn, Perc Endo"
Biostatistician IV,"Drainage of Right Hand Tendon, Perc Endo Approach, Diagn"
Product Engineer,"Extirpate of Matter from L Ext Auditory Canal, Perc Approach"
Senior Financial Analyst,"Supplement Left Humeral Shaft with Nonaut Sub, Perc Approach"
Graphic Designer,"Excision of Lumbosacral Plexus, Perc Endo Approach"
GIS Technical Architect,"Repair Tongue, External Approach"
Analyst Programmer,Beam Radiation of Face Skin using Electrons
Budget/Accounting Analyst IV,"Drainage of Upper Vein, Open Approach"
Staff Scientist,"Drainage of Right Zygomatic Bone, Perc Endo Approach"
Mechanical Systems Engineer,"Introduction of Anti-inflam into Periph Art, Open Approach"
Software Engineer IV,"Insertion of Infusion Device into Celiac Art, Perc Approach"
Executive Secretary,"Insert Tissue Expander in R Low Leg Subcu/Fascia, Open"
Senior Quality Engineer,"Dilation of Right Face Vein with Intralum Dev, Open Approach"
Project Manager,"Insert of Infusion Dev into R Great Saphenous, Open Approach"
Social Worker,"Transfuse Autol Frozen Plasma in Central Art, Open"
Junior Executive,"Destruction of Right Occipital Bone, Open Approach"
Human Resources Manager,"Transfer Optic Nerve to Optic Nerve, Perc Endo Approach"
Systems Administrator II,"Drainage of Right Eye, External Approach"
Database Administrator IV,"Transfer R Low Arm Subcu/Fascia w Skin, Subcu, Perc"
Senior Financial Analyst,"Revise of Autol Sub in Cervcal Vertebra, Perc Endo Approach"
Marketing Assistant,"Insert of Infusion Dev into Scrotum & Tunica, Perc Approach"
Media Manager I,"Drainage of Left Nipple with Drainage Device, Open Approach"
Compensation Analyst,"Bypass R Com Iliac Art to Mesent Art w Autol Vn, Perc Endo"
Recruiting Manager,"Transfer R Foot Subcu/Fascia w Skin, Subcu, Fascia, Perc"
Office Assistant III,"Dilation of Esophagogastric Junction, Open Approach"
Editor,"Destruction of Right Toe Phalanx, Percutaneous Approach"
Computer Systems Analyst IV,"Extirpate matter from R Int Iliac Art, Bifurc, Perc"
Tax Accountant,"Repair Left Humeral Shaft, Percutaneous Approach"
Assistant Professor,"Occlusion of Inf Mesent Art with Extralum Dev, Open Approach"
Quality Engineer,"Release Upper Tooth, Multiple, Open Approach"
Senior Cost Accountant,"Dilation of Innom Art with 2 Intralum Dev, Open Approach"
Marketing Manager,"Supplement Left Upper Arm with Synth Sub, Perc Endo Approach"
Chemical Engineer,"Drainage of Bi Carotid Body, Perc Endo Approach, Diagn"
Nurse,"Drainage of Bi Fallopian Tube with Drain Dev, Open Approach"
Director of Sales,"Revision of Autol Sub in L Low Femur, Open Approach"
Mechanical Systems Engineer,"Bypass R Int Iliac Art to R Ext Ilia w Synth Sub, Perc Endo"
General Manager,"Resection of Right Lacrimal Duct, Percutaneous Approach"
Programmer Analyst I,"Lower Veins, Excision"
Electrical Engineer,"Dilation of Pancreatic Duct, Open Approach"
Senior Editor,"Fluoroscopy of L Pelvic Vein using H Osm Contrast, Guidance"
Nuclear Power Engineer,"Repair Right Upper Extremity Lymphatic, Perc Endo Approach"
Budget/Accounting Analyst IV,"Repair Pulmonary Trunk, Percutaneous Approach"
Dental Hygienist,"Bypass Descending Colon to Sigm Colon with Autol Sub, Endo"
Software Consultant,"Bypass Ascending Colon to Sigmoid Colon with Synth Sub, Endo"
Sales Representative,"Revision of Infusion Device in Spinal Canal, Extern Approach"
Legal Assistant,"Supplement Left Knee Joint with Nonaut Sub, Open Approach"
Senior Sales Associate,"Removal of Nonaut Sub from R Pelvic Bone, Open Approach"
Junior Executive,"Revision of Infusion Device in Gallbladder, Extern Approach"
Safety Technician IV,"Bypass Right Innominate Vein to Upper Vein, Open Approach"
Design Engineer,"Repair Hepatobiliary and Pancreas in POC with Oth Dev, Endo"
Analyst Programmer,"Bypass R Brach Art to Up Arm Vein w Autol Vn, Open"
Librarian,"Reposition Left Lower Femur with Int Fix, Open Approach"
Executive Secretary,"Transplantation of Urinary System into POC, Perc Approach"
Financial Advisor,"Dilate L Post Tib Art, Bifurc, w 3 Intralum Dev, Perc"
Human Resources Manager,"Revision of Drain Dev in Salivary Gland, Extern Approach"
Legal Assistant,"Revision of Infusion Device in Lumsac Jt, Perc Endo Approach"
Statistician III,"Drainage of L Low Extrem Lymph, Perc Endo Approach"
Environmental Tech,"Repair Lumbar Vertebra, External Approach"
Financial Analyst,"Reposition Right Common Iliac Artery, Open Approach"
Community Outreach Specialist,"Restrict Sup Mesent Vein w Intralum Dev, Perc Endo"
Compensation Analyst,"Resection of Left Hand Tendon, Open Approach"
Structural Engineer,"Inspection of Spleen, Percutaneous Endoscopic Approach"
Information Systems Manager,"Dilate L Com Carotid, Bifurc, w Intralum Dev, Perc Endo"
Director of Sales,"Removal of Synth Sub from L Shoulder Jt, Open Approach"
GIS Technical Architect,"Reposition Transverse Colon, External Approach"
Geological Engineer,"Dilate L Brach Art, Bifurc, w 4+ Intralum Dev, Perc Endo"
Software Engineer III,"Destruction of Left Hand Muscle, Open Approach"
Editor,"Repair Left Main Bronchus, Via Natural or Artificial Opening"
Chemical Engineer,"Inspection of Retained POC, Perc Approach"
Senior Developer,Sensory/Processing Assess Integu Up Back/UE w Oth Equip
Web Developer III,"Drainage of Epiglottis, Endo, Diagn"
VP Marketing,"Drainage of Optic Nerve with Drain Dev, Perc Endo Approach"
Desktop Support Technician,"Supplement L Int Iliac Art with Synth Sub, Perc Approach"
Executive Secretary,"Revision of Synth Sub in L Low Extrem, Perc Approach"
Sales Associate,"Extirpation of Matter from Lum Jt, Perc Endo Approach"
Quality Engineer,"Restriction of Left Kidney Pelvis, Via Opening"
Junior Executive,"Bypass L Int Iliac Art to R Femor A, Perc Endo Approach"
Food Chemist,"Insert Pace, Singl Cham Rt Respn in Abd Subcu/Fascia, Perc"
Marketing Manager,Stereotactic Particulate Radiosurgery of Pituitary Gland
Community Outreach Specialist,"Repair Sciatic Nerve, Percutaneous Endoscopic Approach"
Payment Adjustment Coordinator,"Drainage of Lower Gingiva, Open Approach"
Pharmacist,"Dilation of Ductus Arteriosus, Percutaneous Approach"
Junior Executive,"Revision of Neuro Lead in Cranial Nrv, Perc Approach"
Chemical Engineer,"Fusion of Left Carpal Joint with Ext Fix, Perc Approach"
Social Worker,"Bypass L Int Iliac Art to L Femor A w Autol Vn, Open"
Web Designer IV,"Irrigate Skin/Mucous Mem w Irrigat, Perc, Diagn"
Research Assistant III,"Revision of Monitor Dev in Trunk Subcu/Fascia, Open Approach"
Clinical Specialist,"Imaging, Endocrine System, Computerized Tomography (CT Scan)"
Payment Adjustment Coordinator,"Occlusion of Bi Sperm Cord with Intralum Dev, Perc Approach"
Chemical Engineer,"Reposition Left Tarsal, External Approach"
Safety Technician IV,"Bypass 2 Cor Art from Abd Art, Open Approach"
Clinical Specialist,"Control Bleeding in Right Wrist Region, Perc Endo Approach"
Clinical Specialist,"Destruction of Right Retina, Percutaneous Approach"
Graphic Designer,Monaural Hearing Aid Device Fitting using Audiometer
Nuclear Power Engineer,"Beam Radiation of Chest Skin using Electrons, Intraoperative"
Clinical Specialist,"Extirpation of Matter from Coccygeal Glomus, Open Approach"
Accounting Assistant IV,"Heart and Great Vessels, Division"
Pharmacist,"Destruction of Right External Ear, External Approach"
Help Desk Technician,"Extirpation of Matter from R Shoulder Muscle, Perc Approach"
Clinical Specialist,"Reposition L Humeral Head w Monopln Ext Fix, Perc Endo"
Help Desk Operator,"Alteration of L Ankle with Synth Sub, Perc Approach"
Desktop Support Technician,"Drainage of L Com Iliac Vein, Perc Endo Approach, Diagn"
Human Resources Manager,"Revision of Synth Sub in Pancreat Duct, Via Opening"
Pharmacist,"Repair Left Lesser Saphenous Vein, Perc Endo Approach"
Quality Control Specialist,"Fluoroscopy of R Subclav Vein using Oth Contrast, Guidance"
Environmental Tech,"Revision of Int Fix in L Glenoid Cav, Perc Approach"
Project Manager,"Excision of R Up Arm Subcu/Fascia, Open Approach, Diagn"
Design Engineer,Plain Radiography of Renal Art Transplant using Oth Contrast
Executive Secretary,"Revise Nonaut Sub in R Metatarsophal Jt, Perc Endo"
Account Representative II,"Occlusion of Esophagogastric Junction, Open Approach"
Librarian,"Excision of Right Femoral Artery, Perc Endo Approach"
Computer Systems Analyst I,"Reposition Right Axillary Artery, Open Approach"
Nuclear Power Engineer,"Drainage of Left Ulna, Percutaneous Approach"
Internal Auditor,"Excision of Bi Seminal Vesicle, Perc Endo Approach, Diagn"
Human Resources Manager,Visual Motor Integrat Assess w Augment Comm Equip
Human Resources Manager,"Dilation of R Femor Vein with Intralum Dev, Perc Approach"
Legal Assistant,"Dilate R Axilla Art, Bifurc, w 3 Drug-elut, Open"
Marketing Manager,"Drainage of Right Lung with Drainage Device, Via Opening"
Dental Hygienist,"Replace L Humeral Shaft w Autol Sub, Perc Endo"
Speech Pathologist,"Drainage of Left Popliteal Artery, Open Approach, Diagnostic"
Programmer IV,"Bypass Thor Aorta Asc to Carotid w Autol Vn, Perc Endo"
Systems Administrator I,"Dilation of L Hand Art with 4+ Intralum Dev, Perc Approach"
Editor,"Eye, Release"
Recruiting Manager,"Bypass R Ventricle to Pulm Trunk w Synth Sub, Perc Endo"
VP Accounting,"Restrict R Low Lobe Bronc w Extralum Dev, Perc Endo"
Computer Systems Analyst II,"Remove Autol Sub from L Metatarsophal Jt, Perc Endo"
Dental Hygienist,"Repair Respiratory System in POC, Perc Endo Approach"
Senior Quality Engineer,"Excision of Face Skin, External Approach"
Chief Design Engineer,"Division of Left Femoral Shaft, Percutaneous Approach"
Project Manager,"Repair Left Maxillary Sinus, Perc Endo Approach"
Research Associate,"Supplement Esophageal Vein w Nonaut Sub, Perc Endo"
Web Developer IV,"Dilate of L Post Tib Art with 4+ Intralum Dev, Open Approach"
Programmer Analyst III,"Resection of Upper Tooth, Multiple, Open Approach"
Automation Specialist II,"Revision of Synth Sub in R Humeral Shaft, Perc Endo Approach"
Health Coach IV,"Bypass Ileum to Cutaneous with Autol Sub, Open Approach"
Sales Associate,"Supplement Right Rib with Autol Sub, Perc Endo Approach"
Staff Scientist,"Dilation of Right Kidney Pelvis, Endo"
Technical Writer,"Insertion of Infusion Dev into Cor Vein, Perc Endo Approach"
Nuclear Power Engineer,"Excision of Right Carotid Body, Open Approach, Diagnostic"
Nurse,"Bypass R Hand Vein to Up Vein with Autol Art, Open Approach"
Dental Hygienist,"Drainage of Right Lower Lobe Bronchus, Via Opening"
Financial Advisor,"Revision of Synth Sub in Cranial Cav, Open Approach"
Account Coordinator,"Drainage of Right Ovary, Open Approach, Diagnostic"
Payment Adjustment Coordinator,"Insertion of Oth Dev into L Low Extrem, Perc Endo Approach"
Engineer II,"Bypass R Popl Art to Low Ex Vein w Nonaut Sub, Perc Endo"
Payment Adjustment Coordinator,"Dilate Splenic Art, Bifurc, w 2 Intralum Dev, Perc"
Engineer IV,"Revision of Extralum Dev in Great Vessel, Perc Approach"
Teacher,"Reattachment of Right Thyroid Gland Lobe, Perc Endo Approach"
Compensation Analyst,"Introduction of Other Gas into Eye, Via Opening"
Programmer IV,"Reposition R Toe Phalanx Jt with Ext Fix, Open Approach"
GIS Technical Architect,"Transfuse of Autol Factor IX into Periph Vein, Perc Approach"
Desktop Support Technician,"Replacement of Mesentery with Nonaut Sub, Open Approach"
Assistant Media Planner,Computerized Tomography (CT Scan) of Head using Oth Contrast
Research Nurse,"Occlusion L Renal Vein w Extralum Dev, Perc Endo"
Research Nurse,"Bypass R Com Iliac Vein to Low Vein w Synth Sub, Perc Endo"
Budget/Accounting Analyst III,"Transplantation of R Mid Lung Lobe, Allogen, Open Approach"
Pharmacist,Plain Radiography of Multiple Teeth
Database Administrator IV,"Ear, Nose, Sinus, Removal"
Web Designer III,"Bypass R Ext Iliac Art to R Int Ilia w Autol Vn, Open"
Senior Financial Analyst,"Remove Infusion Dev from R Temporomandib Jt, Open"
Account Executive,"Removal of Spacer from C-thor Jt, Perc Endo Approach"
Assistant Media Planner,"Repair Chest Wall, Percutaneous Approach"
Database Administrator IV,"Destruction of Left Face Vein, Open Approach"
Geological Engineer,"Insert Radioact Elem in Fem Perineum, Perc Endo"
Payment Adjustment Coordinator,"Revision of Autol Sub in Mediastinum, Open Approach"
Editor,"Introduction of Anti-inflammatory into Joints, Perc Approach"
Staff Accountant II,"Revision of Synth Sub in L Finger Phalanx Jt, Perc Approach"
Information Systems Manager,"Control Bleeding in Right Upper Arm, Open Approach"
Computer Systems Analyst I,"Extraction of Left Upper Leg Skin, External Approach"
Speech Pathologist,"Drainage of Prepuce, Percutaneous Endoscopic Approach"
Food Chemist,"Fusion of R Toe Phalanx Jt with Autol Sub, Perc Approach"
Community Outreach Specialist,Tomo Nucl Med Imag of Pelvic Region using Indium 111
Registered Nurse,Magnetic Resonance Imaging (MRI) of Bi Up Extrem Vein
Social Worker,Fluoroscopy of Thoracic Spine
Electrical Engineer,Plain Radiography of Bi Parotid Gland using H Osm Contrast
Staff Scientist,"Replace R Low Arm Skin w Autol Sub, Full Thick, Extern"
Legal Assistant,"Tendons, Division"
Media Manager II,"Excision of Left Knee Joint, Perc Endo Approach, Diagn"
VP Accounting,"Repair Left Index Finger, External Approach"
Librarian,"Dilation of Aortic Valve with Drug-elut Intra, Perc Approach"
Associate Professor,"Drainage of Mediastinum, Percutaneous Endoscopic Approach"
GIS Technical Architect,"Destruction of Right Metacarpocarpal Joint, Perc Approach"
Human Resources Assistant IV,"Drainage of L Int Jugular Vein, Perc Endo Approach, Diagn"
Senior Editor,"Release Right Shoulder Muscle, Open Approach"
Technical Writer,"Reposition Sigmoid Colon, Via Natural or Artificial Opening"
Civil Engineer,"Occlusion of L Sperm Cord with Intralum Dev, Perc Approach"
Automation Specialist III,"Revision of Nonaut Sub in Cerv Jt, Perc Approach"
Food Chemist,"Extirpation of Matter from R Fem Art, Bifurc, Perc Approach"
Budget/Accounting Analyst III,"Bypass L Com Iliac Art to R Int Ilia w Autol Vn, Perc Endo"
Nurse Practicioner,"Release Cecum, Via Natural or Artificial Opening Endoscopic"
Registered Nurse,Exercise Treatment of GU Sys using Aerobic Equipment
Staff Scientist,"Occlusion of R Popl Art with Extralum Dev, Perc Approach"
Internal Auditor,"Repair Left Parietal Bone, External Approach"
Engineer IV,"Insertion of Int Fix into L Hip Jt, Perc Endo Approach"
Nuclear Power Engineer,"Reposition Right Ulna with Ring Ext Fix, Open Approach"
Recruiting Manager,"Dilation of 4+ Cor Art with 2 Intralum Dev, Open Approach"
Web Developer II,"Removal of Nonaut Sub from L Tarsal, Perc Approach"
Director of Sales,"Extirpation of Matter from Lower Vein, Percutaneous Approach"
Business Systems Development Analyst,"Repair Right Ovary, Open Approach"
Actuary,Computerized Tomography (CT Scan) of Prostate
Senior Financial Analyst,"Revision of Synth Sub in Toe Nail, Extern Approach"
Help Desk Operator,"Drainage of Pancreatic Duct, Endo"
Director of Sales,"Revision of Drainage Device in C-thor Jt, Extern Approach"
Professor,"Resection of Perineum Tendon, Open Approach"
Social Worker,"Revision of Autol Sub in Low Bursa/Lig, Open Approach"
Web Developer I,"Removal of Drainage Device from Right Breast, Endo"
Budget/Accounting Analyst II,"Replace of L Thorax Tendon with Nonaut Sub, Open Approach"
Help Desk Technician,"Resection of Left Middle Ear, Open Approach"
Chemical Engineer,"Revision of Autol Sub in L Breast, Open Approach"
Programmer Analyst II,"Excision of Glossopharyngeal Nerve, Perc Approach, Diagn"
Senior Financial Analyst,"Bypass Cereb Vent to Pleural Cav w Autol Sub, Perc"
Research Assistant I,"Dilation of L Verteb Art with 3 Drug-elut, Perc Approach"
Technical Writer,"Revision of Intralum Dev in Cisterna Chyli, Open Approach"
Dental Hygienist,Ultrasonography of Left Upper Extremity Arteries
Developer II,"Supplement Right Foot Muscle with Synth Sub, Open Approach"
Director of Sales,"Planar Nucl Med Imag Musculo Sys, All w Oth Radionuclide"
Pharmacist,"Drainage of Sigmoid Colon, Open Approach"
Editor,"Supplement L Low Arm & Wrist Muscle w Synth Sub, Open"
Librarian,"Insert Radioact Elem in Up Extrem Subcu/Fascia, Perc"
Executive Secretary,Fluoroscopy of Left Finger(s)
Geological Engineer,Change Pressure Dressing on Left Lower Leg
Chemical Engineer,"Dilation of Right Cephalic Vein, Percutaneous Approach"
Senior Sales Associate,"Revision of Ext Fix in L Elbow Jt, Extern Approach"
Electrical Engineer,"Dilation of R Foot Art with 4+ Intralum Dev, Open Approach"
Structural Analysis Engineer,"Drainage of Left Kidney Pelvis, Via Opening"
Community Outreach Specialist,LDR Brachytherapy of Brain using Palladium 103
Mechanical Systems Engineer,"Revision of Nonaut Sub in R Tarsal, Perc Approach"
Desktop Support Technician,"Dilate R Post Tib Art, Bifurc, w 4 Drug-elut, Open"
Mechanical Systems Engineer,"Destruction of Right External Carotid Artery, Perc Approach"
Quality Control Specialist,"Reposition Right Knee Joint with Ext Fix, Perc Endo Approach"
Database Administrator II,"Occlusion of Right Kidney Pelvis, Percutaneous Approach"
Financial Analyst,"Measurement of Products of Conception, Cardiac Rhythm, Endo"
Junior Executive,"Revision of Int Fix in L Tarsal Jt, Extern Approach"
Software Consultant,"Supplement L Metacarpocarp Jt with Autol Sub, Perc Approach"
Account Coordinator,"Removal of Autol Sub from Kidney, Perc Approach"
Research Associate,"Supplement R Index Finger with Autol Sub, Perc Endo Approach"
Senior Sales Associate,"Dilation of Lingula Bronchus, Via Opening"
Director of Sales,"Detachment at Right 4th Toe, Low, Open Approach"
Database Administrator I,"Reattachment of Left Foot Muscle, Open Approach"
Recruiting Manager,"Excision of Pancreatic Duct, Open Approach, Diagnostic"
GIS Technical Architect,"Dilation of Hepatic Art with 3 Drug-elut, Perc Endo Approach"
Actuary,"Drain of L Kidney Pelvis with Drain Dev, Perc Endo Approach"
Legal Assistant,"Resection of Left Diaphragm, Perc Endo Approach"
Junior Executive,"Remove Infusion Dev from R Sacroiliac Jt, Perc Endo"
Research Nurse,"Excision of Basal Ganglia, Open Approach"
Operator,Removal of Splint on Left Upper Arm
Professor,"Supplement Head with Autol Sub, Perc Endo Approach"
Junior Executive,"Reposition R Metacarpocarp Jt with Ext Fix, Perc Approach"
Chemical Engineer,"Repair Right Mandible, External Approach"
Project Manager,"Release R Low Leg Subcu/Fascia, Open Approach"
Safety Technician I,"Transfer Vagus Nerve to Trigeminal Nerve, Perc Endo Approach"
Product Engineer,"Revision of Nonaut Sub in Mesentery, Perc Endo Approach"
Information Systems Manager,"Excision of Abdominal Sympathetic Nerve, Perc Endo Approach"
Programmer III,"Drainage of Soft Palate, Percutaneous Approach, Diagnostic"
Dental Hygienist,"CT Scan of Hepatobil Sys, All using L Osm Contrast"
Biostatistician III,"Bypass Splenic Art to R Renal A w Nonaut Sub, Perc Endo"
Staff Scientist,"Dilate R Ext Iliac Art, Bifurc, w 3 Drug-elut, Open"
Software Test Engineer I,Tinnitus Masker Assessment using Hear Aid Equipment
Research Nurse,CT Scan of R Forearm using L Osm Contrast
Help Desk Operator,"Insert Infusion Pump in R Low Leg Subcu/Fascia, Open"
Account Representative I,"Supplement R Femoral Region w Autol Sub, Perc Endo"
Sales Associate,"Supplement L Tympanic Membrane with Synth Sub, Open Approach"
Assistant Professor,"Occlusion of Pancreatic Duct, Via Opening"
Speech Pathologist,"Extirpation of Matter from Left Ulnar Artery, Open Approach"
Sales Representative,"Drainage of Left Vas Deferens, Open Approach, Diagnostic"
Project Manager,"Extirpate matter from 1 Cor Art, Orbit Athrect, New Tech 1"
Geologist I,"Fusion of Left Ankle Joint with Ext Fix, Perc Approach"
Senior Cost Accountant,"Restrict R Pulm Vein w Extralum Dev, Perc Endo"
Systems Administrator II,"Revision of Monitoring Device in Lower Vein, Perc Approach"
Executive Secretary,Fluoroscopy of Cervical Facet Joint(s) using Other Contrast
Environmental Tech,"Introduction of Local Anesthetic into Bones, Perc Approach"
Teacher,"Drainage of Right Knee Tendon, Percutaneous Approach"
GIS Technical Architect,"Removal of Drain Dev from R Sternoclav Jt, Perc Approach"
Programmer IV,"Dilation of R Brach Art with 3 Intralum Dev, Open Approach"
Web Designer I,"Dilate Splenic Art w 4+ Intralum Dev, Perc Endo"
Compensation Analyst,"Insert of Radioact Elem into Pelvic Cav, Perc Endo Approach"
Information Systems Manager,"Removal of Infusion Device from Lumsac Disc, Perc Approach"
Community Outreach Specialist,"Extirpation of Matter from Right Vocal Cord, Open Approach"
Analog Circuit Design manager,"CT Scan of R Eye using L Osm Contrast, Unenh, Enhance"
Chief Design Engineer,"Repair Right Upper Leg Skin, External Approach"
Accountant I,"Release Right Ovary, Open Approach"
Accounting Assistant IV,"Fragmentation in Carina, Percutaneous Approach"
Environmental Specialist,"Insertion of Int Fix into L Temporal Bone, Open Approach"
Technical Writer,"Bypass R Com Iliac Art to L Ext Ilia, Open Approach"
Civil Engineer,"Excision of Thoracic Sympathetic Nerve, Perc Endo Approach"
Chemical Engineer,"Destruction of Facial Muscle, Open Approach"
Research Nurse,"Supplement Stomach with Synthetic Substitute, Via Opening"
Engineer II,"Drainage of Left Adrenal Gland, Percutaneous Approach, Diagn"
Staff Scientist,"Drainage of Left Tarsal Joint with Drain Dev, Perc Approach"
Electrical Engineer,"Reposition R Femur Shaft w Ring Ext Fix, Perc Endo"
Mechanical Systems Engineer,Monaural Hearing Aid Assessment using Tympanometer
Professor,"Extirpation of Matter from R Vocal Cord, Perc Endo Approach"
Data Coordiator,"Release Glomus Jugulare, Percutaneous Endoscopic Approach"
Senior Editor,"Restrict Intracran Art w Extralum Dev, Perc Endo"
Engineer II,"Bypass Intracran Vein to Up Vein w Autol Sub, Perc Endo"
Product Engineer,Fluoroscopy of Bilateral Acromioclavicular Joints
Budget/Accounting Analyst IV,"Remove Drain Dev from Tracheobronc Tree, Perc Endo"
Health Coach IV,"Dilation of Face Art with Intralum Dev, Perc Endo Approach"
Nuclear Power Engineer,"Extirpation of Matter from Left Rib, Percutaneous Approach"
Computer Systems Analyst IV,"Fluoroscopy of Bilateral Lower Extremity Veins, Guidance"
Compensation Analyst,"Replacement of Right Mandible with Nonaut Sub, Perc Approach"
Social Worker,"Dilation of L Ext Carotid with 2 Drug-elut, Perc Approach"
Registered Nurse,"Release Right External Auditory Canal, Endo"
Analog Circuit Design manager,"Bypass R Hepatic Duct to Stomach w Intralum Dev, Perc Endo"
Civil Engineer,"Repair Right Palatine Bone, Open Approach"
VP Sales,"Lymphatic and Hemic Systems, Extraction"
Product Engineer,"Transfer R Low Leg Muscle with Skin, Perc Endo Approach"
Technical Writer,"Destruction of Coccyx, Percutaneous Endoscopic Approach"
Operator,"Dilation of Right Pulmonary Vein, Percutaneous Approach"
Assistant Professor,"Control Bleeding in Abdominal Wall, Percutaneous Approach"
Professor,"Occlusion of LAA with Intralum Dev, Open Approach"
Chief Design Engineer,"Dilation of Lower Artery with 4 Drug-elut, Perc Approach"
Associate Professor,"Bypass L Com Iliac Art to L Com Ilia, Perc Endo Approach"
Account Coordinator,"Revise of Autol Sub in Sacrococcygeal Jt, Perc Endo Approach"
Recruiting Manager,"Removal of Drainage Device from Head, Percutaneous Approach"
Marketing Manager,Aphasia Treatment using Audiovisual Equipment
Nuclear Power Engineer,"Transfer Acoustic Nerve to Facial Nerve, Open Approach"
Programmer Analyst I,"Dilation of R Subclav Art with 4 Drug-elut, Perc Approach"
Research Nurse,"Remove Autol Sub from Up Extrem Subcu/Fascia, Open"
VP Sales,"Bypass Inf Vena Cava to Sup Mesent V w Synth Sub, Perc Endo"
Physical Therapy Assistant,"Resection of Head Lymphatic, Perc Endo Approach"
Nurse Practicioner,"Dilation of Left Main Bronchus, Endo"
Data Coordiator,"Extirpation of Matter from L Int Iliac Art, Perc Approach"
Administrative Officer,"Revision of Drainage Device in Upper Intestinal Tract, Endo"
Actuary,"Drainage of L Low Extrem Lymph with Drain Dev, Open Approach"
Senior Financial Analyst,"Drainage of Optic Nerve, Open Approach"
Nuclear Power Engineer,"Transfer Left Hand Muscle, Percutaneous Endoscopic Approach"
Dental Hygienist,"Excision of Right Clavicle, Open Approach"
Geological Engineer,"Excision of Left Lower Leg, Open Approach, Diagnostic"
Analyst Programmer,"Release Right Pelvic Bone, Open Approach"
Product Engineer,"Release Transverse Colon, Percutaneous Endoscopic Approach"
Chemical Engineer,"Release Scrotum, Open Approach"
Account Coordinator,"Dilate R Popl Art, Bifurc, w 4+ Intralum Dev, Perc"
Nurse Practicioner,"Occlusion of Right Hepatic Duct with Intralum Dev, Endo"
Clinical Specialist,"Destruction of Right Internal Iliac Artery, Open Approach"
Web Designer IV,"Drainage of L Brach Art with Drain Dev, Perc Endo Approach"
Web Developer IV,"Drainage of Left Pelvic Bone, Percutaneous Approach"
Financial Advisor,"Bypass Thor Aorta Desc to Pulm Trunk w Nonaut Sub, Perc Endo"
Executive Secretary,"Drain of R Axilla Lymph with Drain Dev, Perc Endo Approach"
Financial Advisor,Planar Nuclear Medicine Imaging of KUB using Iodine 123
Assistant Media Planner,"Revision of Drain Dev in T-lum Disc, Perc Endo Approach"
Marketing Assistant,"Extirpation of Matter from Left Foot Artery, Open Approach"
Operator,"Extirpate of Matter from R Up Arm Tendon, Perc Endo Approach"
Associate Professor,"Drainage of Right Tympanic Membrane with Drain Dev, Endo"
Legal Assistant,Planar Nucl Med Imag Liver & Spleen w Oth Radionuclide
Product Engineer,"Supplement L Seminal Vesicle with Autol Sub, Open Approach"
Human Resources Manager,"Drainage of L Axilla Lymph with Drain Dev, Open Approach"
Data Coordiator,"Bypass L Innom Vein to Up Vein w Autol Vn, Perc Endo"
Environmental Specialist,"Insertion of Intramed Fix into L Humeral Head, Perc Approach"
Health Coach II,"Removal of Synth Sub from Kidney, Perc Endo Approach"
Account Executive,"Fusion of L Sacroiliac Jt with Synth Sub, Perc Endo Approach"
Technical Writer,"Drain of Bi Carotid Body with Drain Dev, Perc Endo Approach"
Speech Pathologist,"Excision of Right Vocal Cord, Open Approach"
Database Administrator I,Voice Treatment using Computer
Human Resources Assistant III,"Excision of Right Conjunctiva, External Approach, Diagnostic"
Media Manager I,"Extraction of Left Frontal Sinus, Percutaneous Approach"
Nurse Practicioner,"Pharmacotherapy for Substance Abuse Treatment, Psych Med"
Programmer II,"Bypass R Brach Vein to Up Vein w Autol Sub, Perc Endo"
Statistician III,"Dilation of L Eustach Tube with Intralum Dev, Via Opening"
Software Test Engineer II,"Drainage of Left Hand Vein with Drain Dev, Open Approach"
Software Engineer IV,Plain Radiography of Abdomen and Pelvis
VP Product Management,"Remove Infusion Dev from R Acromioclav Jt, Extern"
Statistician IV,"Excision of Right Toe Phalangeal Joint, Perc Approach"
Compensation Analyst,"Excision of Right Eustachian Tube, Endo, Diagn"
Chief Design Engineer,"Bypass 1 Cor Art from Cor V w Intralum Dev, Perc Endo"
Administrative Officer,"Excision of Head and Neck Tendon, Percutaneous Approach"
Product Engineer,"Supplement Nasal Septum with Synth Sub, Perc Endo Approach"
Registered Nurse,"Drain of Nasal Turbinate with Drain Dev, Perc Endo Approach"
Environmental Specialist,"Bypass R Radial Art to R Low Arm Art w Autol Art, Open"
Associate Professor,"Supplement Left Tibia with Synth Sub, Perc Endo Approach"
Help Desk Operator,"Restriction of Descending Colon, Open Approach"
Social Worker,"Reposition R Fibula with Monopln Ext Fix, Perc Endo Approach"
Geological Engineer,"Repair Right Little Finger, Percutaneous Endoscopic Approach"
VP Marketing,"Destruction of Lower Vein, Percutaneous Endoscopic Approach"
Internal Auditor,"Upper Bones, Extirpation"
Junior Executive,"Removal of Drainage Device from Upper Bone, Extern Approach"
Financial Analyst,"Revision of Other Device in L Low Extrem, Open Approach"
VP Quality Control,CT Scan of Pelvic Region using Oth Contrast
Recruiting Manager,"Release Left Mastoid Sinus, Percutaneous Approach"
Assistant Manager,"Release Left Shoulder Muscle, Open Approach"
Nurse Practicioner,"Replacement of Upper Lip with Autol Sub, Extern Approach"
Internal Auditor,"Revision of Synth Sub in Uterus & Cervix, Via Opening"
Research Assistant II,"Supplement Carina with Nonaut Sub, Perc Endo Approach"
Sales Representative,"Release Middle Esophagus, Percutaneous Approach"
Staff Scientist,"Extirpate of Matter from Conduction Mechanism, Perc Approach"
Project Manager,"Supplement R Int Jugular Vein w Synth Sub, Perc Endo"
Environmental Tech,Compression of R Inguinal Region using Intermit Pressure Dev
Professor,"Repair R Low Leg Subcu/Fascia, Perc Approach"
Physical Therapy Assistant,"Resection of Sigmoid Colon, Via Opening"
Sales Representative,"Dilation of L Popl Art, Bifurc, Perc Endo Approach"
VP Accounting,"Dilation of Cystic Duct, Endo"
Web Designer III,"Release Gallbladder, Percutaneous Approach"
Nurse Practicioner,"Repair Stomach, Pylorus, Via Natural or Artificial Opening"
Database Administrator IV,"Replace of L Hip Jt with Synth Sub, Cement, Open Approach"
Technical Writer,"Repair Cervical Vertebral Disc, External Approach"
Professor,"Dilate L Fem Art, Bifurc, w Drug-elut Intra, Open"
Statistician IV,"Removal of Int Fix from R Tarsal, Extern Approach"
Physical Therapy Assistant,"Reattachment of Left Upper Leg Muscle, Open Approach"
Accountant IV,"Revision of Infusion Dev in Tracheobronc Tree, Perc Approach"
Nurse Practicioner,"Supplement Azygos Vein with Autol Sub, Perc Endo Approach"
Speech Pathologist,"Repair Left Ulnar Artery, Percutaneous Endoscopic Approach"
Biostatistician I,"Division of Left Lower Femur, Perc Endo Approach"
Tax Accountant,"Transfer Optic Nerve to Acoustic Nerve, Perc Endo Approach"
Geological Engineer,"Occlusion R Ext Jugular Vein w Extralum Dev, Perc Endo"
Internal Auditor,"Removal of Infusion Device from Bladder, External Approach"
Cost Accountant,"Reposition Left Upper Eyelid, Percutaneous Approach"
Financial Advisor,"Repair Bilateral Inguinal Region, Percutaneous Approach"
Project Manager,"Revise of Nonaut Sub in L Thumb Phalanx, Perc Endo Approach"
Paralegal,"Supplement Ileocecal Valve with Nonaut Sub, Endo"
Geological Engineer,"Extirpation of Matter from Left Tarsal Joint, Perc Approach"
Sales Associate,Stereotactic Gamma Beam Radiosurgery of Mediastinum
Programmer Analyst I,"Removal of Synth Sub from Fem Perineum, Perc Endo Approach"
Database Administrator I,"Introduce Platelet Inhibitor in Central Vein, Open"
Physical Therapy Assistant,"Drainage of Left Renal Vein, Perc Endo Approach"
Registered Nurse,"Extirpate matter from R Toe Phalanx Jt, Perc Endo"
Analog Circuit Design manager,Contact Radiation of Esophagus
Database Administrator II,"Extirpate matter from L Up Extrem Bursa/Lig, Perc Endo"
Staff Scientist,"Transfer Right Trunk Muscle with Skin, Perc Endo Approach"
Electrical Engineer,"Drainage of Right Occipital Bone, Open Approach"
Editor,"Replace R Low Arm Subcu/Fascia w Nonaut Sub, Open"
Dental Hygienist,"Insert Tissue Expander in L Up Leg Subcu/Fascia, Open"
Geologist III,CT Scan of R Knee using H Osm Contrast
Senior Quality Engineer,"Release Right Ulnar Artery, Open Approach"
Electrical Engineer,"Extirpate of Matter from L Submaxillary Gland, Perc Approach"
Senior Editor,"Restriction of L Renal Art with Extralum Dev, Perc Approach"
Research Assistant II,"Removal of Autol Sub from L Metatarsophal Jt, Perc Approach"
Health Coach III,"Repair Right Patella, External Approach"
Senior Developer,"Drainage of Left Carpal, Perc Endo Approach, Diagn"
Safety Technician IV,"Restriction of Right Internal Jugular Vein, Perc Approach"
Occupational Therapist,"Alteration of Left Upper Arm, Percutaneous Approach"
Office Assistant III,"Restriction of Right Vertebral Artery, Open Approach"
Actuary,"Drainage of Right Toe Phalangeal Joint, Perc Approach"
Web Designer I,"Bypass Left Ureter to Cutan with Nonaut Sub, Open Approach"
Office Assistant II,"Revision of Autol Sub in L Metatarsophal Jt, Extern Approach"
Assistant Media Planner,"Repair Right Breast, Via Natural or Artificial Opening"
Senior Financial Analyst,"Drainage of Right Ureter, Percutaneous Approach"
Actuary,"Dilation of R Thyroid Art with Intralum Dev, Perc Approach"
Speech Pathologist,"Revision of Extraluminal Device in Kidney, Endo"
Registered Nurse,"Bypass R Com Iliac Vein to Low Vein w Autol Art, Open"
Analyst Programmer,"Replace Back Skin w Synth Sub, Part Thick, Extern"
Desktop Support Technician,"Bypass 4+ Cor Art from Abd Art w Autol Art, Perc Endo"
Statistician IV,"Revision of Nonaut Sub in R Breast, Via Opening"
Tax Accountant,"Extirpation of Matter from Femoral Nerve, Perc Approach"
Analog Circuit Design manager,"Release Left Lacrimal Bone, Percutaneous Approach"
Data Coordiator,"Resection of Uterus, Percutaneous Endoscopic Approach"
Human Resources Assistant III,Beam Radiation of Ileum using Photons 1 - 10 MeV
Civil Engineer,"Restriction of Middle Colic Artery, Percutaneous Approach"
Statistician I,"Bypass R Axilla Art to Bi Low Leg Art w Nonaut Sub, Open"
Accounting Assistant II,"Repair Right Heart, Percutaneous Approach"
Director of Sales,"Replacement of R Ankle Jt with Autol Sub, Open Approach"
Engineer IV,"Dilation of L Ext Iliac Art, Bifurc, Perc Endo Approach"
Geologist I,"Bypass L Hepatic Duct to Caud Duct w Intralum Dev, Perc Endo"
Programmer Analyst III,"Excision of Right Upper Arm, Perc Endo Approach, Diagn"
Web Developer II,"Excision of Nasopharynx, Perc Endo Approach, Diagn"
Nuclear Power Engineer,"Release Left Tympanic Membrane, Perc Endo Approach"
Staff Accountant III,"Excision of Right Upper Arm Tendon, Perc Approach, Diagn"
Senior Editor,"Excision of Left Vocal Cord, Via Opening, Diagn"
Speech Pathologist,"Replacement of L Frontal Bone with Nonaut Sub, Open Approach"
Office Assistant II,"Removal of Nonaut Sub from L Metatarsophal Jt, Perc Approach"
Financial Analyst,"Supplement L Subclav Vein with Nonaut Sub, Perc Approach"
Librarian,"Inspection of Mediastinum, Open Approach"
Engineer III,"Revision of Drainage Device in Pelvic Cavity, Perc Approach"
Environmental Tech,"Release Right Shoulder Tendon, Open Approach"
Dental Hygienist,"Removal of Monitor Dev from Up Vein, Perc Endo Approach"
Paralegal,"Release Left Choroid, Percutaneous Approach"
Recruiting Manager,"Replace of Nasal Bone with Nonaut Sub, Perc Endo Approach"
Professor,"Transplantation of Left Ovary, Allogeneic, Open Approach"
Account Coordinator,"Supplement R Inguinal Region w Nonaut Sub, Perc Endo"
Occupational Therapist,"Extirpation of Matter from R Low Leg Muscle, Perc Approach"
Engineer I,Osteopathic Treatment of Abdomen using Indirect Forces
Senior Cost Accountant,"Bypass Left Kidney Pelvis to Bladder, Open Approach"
Editor,Beam Radiation of Axillary Lymphatics using Electrons
Marketing Manager,ROM & Jt Mobility Treatment of Neuro Low Back/LE
Senior Cost Accountant,"Alteration of R Low Eyelid with Autol Sub, Perc Approach"
Accountant III,"Creation of Vagina in Male Perineum, Open Approach"
Administrative Assistant I,"Dilate Hepatic Art, Bifurc, w Intralum Dev, Perc Endo"
Registered Nurse,"Transfer Right Shoulder Muscle with Subcu, Open Approach"
Tax Accountant,ROM & Jt Mobility Trmt Integu Low Back/LE w Oth Equip
Actuary,"Extraction of Face Subcu/Fascia, Open Approach"
Director of Sales,"Excision of Anus, External Approach"
Pharmacist,"Excision of Right Patella, Percutaneous Endoscopic Approach"
Programmer Analyst I,"Dilate L Post Tib Art, Bifurc, w 4+ Intralum Dev, Perc"
Associate Professor,"Removal of Autol Sub from Abd Wall, Open Approach"
Electrical Engineer,"Destruction of Right Wrist Bursa and Ligament, Perc Approach"
Assistant Media Planner,"Dilation of R Ext Iliac Art with 3 Drug-elut, Open Approach"
Professor,"Removal of Autol Sub from L Sternoclav Jt, Perc Approach"
VP Product Management,"Revision of Infusion Device in R Elbow Jt, Perc Approach"
Research Nurse,"Monitoring of Venous Flow, Portal, Open Approach"
Internal Auditor,"Extirpation of Matter from R Metatarsophal Jt, Open Approach"
Internal Auditor,"Replace of Papillary Muscle with Autol Sub, Open Approach"
Desktop Support Technician,"Transfer Right Lower Leg Tendon, Perc Endo Approach"
VP Quality Control,"ROM/Jt Integrity Assessment of Musculosk Head, Neck"
Software Test Engineer I,"Drainage of Thoracic Spinal Cord, Open Approach, Diagnostic"
Food Chemist,"Insert Infusion Dev in L Ext Jugular Vein, Perc"
Associate Professor,"Removal of Intraluminal Device from Right Eye, Via Opening"
Software Test Engineer I,"Removal of Synthetic Substitute from Ureter, Perc Approach"
Physical Therapy Assistant,"Removal of Drainage Device from Lum Jt, Open Approach"
VP Accounting,"Control Bleeding in Right Buttock, Open Approach"
VP Sales,"Insertion of Monitoring Device into L Atrium, Perc Approach"
Assistant Manager,"Replacement of Thor Vertebra with Autol Sub, Perc Approach"
Social Worker,"Inspection of R Metacarpophal Jt, Perc Endo Approach"
Research Nurse,"Excision of Hepatic Artery, Percutaneous Endoscopic Approach"
Sales Associate,"Supplement R Axilla Lymph w Nonaut Sub, Perc Endo"
Legal Assistant,"Insert Limb Length Dev in R Humeral Shaft, Perc Endo"
Professor,"Bypass Ascending Colon to Rectum, Endo"
Legal Assistant,"Revision of Autol Sub in R Elbow Jt, Extern Approach"
Clinical Specialist,"Dilation of R Peroneal Art with 2 Drug-elut, Open Approach"
Pharmacist,"Destruction of Back Subcu/Fascia, Open Approach"
Financial Analyst,"Insertion of Oth Dev into L Shoulder, Perc Endo Approach"
Nurse,"Alteration of Head, Percutaneous Approach"
Assistant Manager,"Reposition L Humeral Shaft w Monopln Ext Fix, Perc Endo"
VP Sales,Beam Radiation of Liver using Photons >10 MeV
Nuclear Power Engineer,"Excision of Left External Carotid Artery, Open Approach"
Payment Adjustment Coordinator,"Fusion L Acromioclav Jt w Nonaut Sub, Perc Endo"
Help Desk Technician,"Insert Singl Array Rchg Stim Gen in Abd Subcu/Fascia, Perc"
Data Coordiator,"Supplement Left Finger Phalanx with Autol Sub, Open Approach"
Nurse,"Bypass Left Vas Deferens to R Vas Def, Perc Endo Approach"
Research Associate,"Dilation of L Ext Iliac Art, Bifurc, Perc Approach"
Paralegal,Caregiver Train in Applic/Use/Care Prosthesis w Assist Equip
Statistician I,"Extirpation of Matter from L Pulm Vein, Perc Endo Approach"
Senior Editor,"Removal of Int Fix from Coccyx, Perc Approach"
Senior Developer,"Fragmentation in Left Vitreous, External Approach"
Accounting Assistant IV,"Drainage of Left Elbow Joint, Perc Endo Approach"
Compensation Analyst,"Bypass Right Common Iliac Artery to B Renal A, Open Approach"
Human Resources Manager,"Insertion of Ring Ext Fix into R Femur Shaft, Perc Approach"
VP Marketing,"Reposition Right Palatine Bone, Percutaneous Approach"
Help Desk Operator,"Removal of Nonaut Sub from R Metatarsotars Jt, Perc Approach"
Automation Specialist IV,"Revision of Nonaut Sub in Larynx, Perc Approach"
Health Coach IV,"Restriction of Cystic Duct with Extralum Dev, Open Approach"
Desktop Support Technician,"Bypass Sup Mesent Vein to Low Vein w Autol Art, Open"
Desktop Support Technician,"Resection of Left Patella, Open Approach"
Executive Secretary,Osteopathic Treatment of Pelvis w H Velocity L Ampl
Human Resources Manager,"Removal of Drainage Device from R Carpal Jt, Perc Approach"
Legal Assistant,"Release Facial Nerve, Open Approach"
Physical Therapy Assistant,"Insertion of Intralum Dev into L Ventricle, Open Approach"
Junior Executive,"Fusion 2-6 C Jt w Synth Sub, Post Appr A Col, Perc Endo"
Environmental Specialist,"Removal of Int Fix from R Toe Phalanx, Perc Endo Approach"
Software Test Engineer IV,Fluoroscopy of Left Kidney using Other Contrast
Social Worker,"Bypass Low Esophag to Ileum w Nonaut Sub, Perc Endo"
Account Coordinator,"Removal of Int Fix from Lum Jt, Extern Approach"
Senior Cost Accountant,"Supplement L Sperm Cord with Nonaut Sub, Perc Endo Approach"
Automation Specialist III,"Destruction of Uterine Support Struct, Perc Endo Approach"
Mechanical Systems Engineer,"Drainage of Lumbar Vertebra, Percutaneous Approach, Diagn"
Quality Engineer,"Introduce Human B-type Peptide in Periph Vein, Open"
Dental Hygienist,"Revise of Drain Dev in Low Intest Tract, Perc Endo Approach"
Automation Specialist IV,"Bypass Jejunum to Transverse Colon, Open Approach"
Analog Circuit Design manager,"Drainage of R Ext Jugular Vein with Drain Dev, Perc Approach"
Sales Representative,"Occlusion of L Post Tib Art, Perc Endo Approach"
Cost Accountant,HDR Brachytherapy of Jejunum using Cesium 137
Senior Developer,"Destruction of Thymus, Open Approach"
Occupational Therapist,"Release Right Acromioclavicular Joint, Perc Endo Approach"
Quality Engineer,"Destruction of L Abd Bursa/Lig, Open Approach"
Systems Administrator II,"Removal of Int Fix from L Toe Phalanx Jt, Open Approach"
Marketing Assistant,"Destruction of Left Toe Phalangeal Joint, Perc Endo Approach"
Structural Analysis Engineer,"Dilation of Ileocecal Valve with Intralum Dev, Open Approach"
Pharmacist,"Alteration of Right Breast with Autol Sub, Perc Approach"
Health Coach III,"Replacement of L Popl Art with Synth Sub, Open Approach"
Project Manager,"Fluoroscopy R Pulm Art w H Osm Contrast, Laser Intraop"
Physical Therapy Assistant,"Revision of Nonaut Sub in R Metatarsophal Jt, Perc Approach"
Biostatistician III,"Reattachment of Left Hip Muscle, Open Approach"
Safety Technician III,"Reposition Colic Vein, Open Approach"
Business Systems Development Analyst,"Revision of Ext Fix in L Metatarsotars Jt, Perc Approach"
Developer II,"Excision of Right Subclavian Vein, Percutaneous Approach"
Quality Engineer,"Drainage of Left Femoral Vein, Percutaneous Approach, Diagn"
Structural Engineer,"Revision of Infusion Device in Liver, Perc Endo Approach"
Quality Engineer,"Measurement of Gastrointestinal Motility, Via Opening"
Senior Developer,"Drainage of Nasopharynx, Open Approach, Diagnostic"
Database Administrator III,"Excision of Right Upper Femur, Perc Endo Approach"
Civil Engineer,"Dilate Sup Mesent Art, Bifurc, w 4+ Intralum Dev, Open"
GIS Technical Architect,"Excision of Right Knee Joint, Open Approach, Diagnostic"
Office Assistant I,"Insertion of Intralum Dev into R Ulnar Art, Open Approach"
Product Engineer,"Bypass Esophagus to Cutaneous with Synth Sub, Perc Approach"
Software Engineer II,"Dilate of 2 Cor Art with 2 Intralum Dev, Perc Endo Approach"
Assistant Manager,"Release Thoracic Aorta, Descending, Open Approach"
Programmer Analyst IV,"Supplement Larynx with Nonautologous Tissue Substitute, Endo"
Staff Scientist,"Bypass R Com Iliac Art to B Renal A w Nonaut Sub, Perc Endo"
Tax Accountant,"Removal of Reservoir from Trunk Subcu/Fascia, Perc Approach"
Director of Sales,"Repair Head Muscle, Open Approach"
Chemical Engineer,"Drainage of Bilateral Ureters, Via Opening, Diagn"
Web Designer III,"Destruction of Left Large Intestine, Perc Endo Approach"
Accounting Assistant III,"Repair Right Upper Leg Skin, External Approach"
Technical Writer,"Drainage of Right Upper Leg Skin, External Approach, Diagn"
Systems Administrator II,"Supplement Intracran Vein with Autol Sub, Perc Endo Approach"
Assistant Media Planner,"Bypass Hepatic Vein to Lower Vein, Open Approach"
Paralegal,"Removal of Nonaut Sub from Thoracic Duct, Open Approach"
Environmental Tech,Removal of Bandage on Right Lower Extremity
Data Coordiator,Beam Radiation of Brain Stem using Photons >10 MeV
Product Engineer,"Supplement Head with Autol Sub, Perc Endo Approach"
Engineer I,"Excision of Left Ankle Joint, Percutaneous Approach, Diagn"
Civil Engineer,CT Scan of Mult Cor A Graft using Intravasc Optic Cohere
Analog Circuit Design manager,"Introduction of Other Anti-infective into POC, Endo"
Accountant II,"Drainage of Right Ulna, Perc Endo Approach, Diagn"
Financial Advisor,"Supplement Tongue with Synthetic Substitute, Extern Approach"
Structural Analysis Engineer,"Insert Intralum Dev in R Int Iliac Art, Perc Endo"
Media Manager II,"Replace of L Retinal Vessel with Synth Sub, Perc Approach"
Data Coordiator,"Removal of Nonaut Sub from R Up Extrem, Open Approach"
Statistician III,"Revision of Autol Sub in Tracheobronc Tree, Endo"
Environmental Specialist,"Drainage of Left Vitreous, Percutaneous Approach"
Junior Executive,"Dilation of Celiac Artery with 4 Drug-elut, Open Approach"
Senior Sales Associate,Fluoroscopy of R Int Carotid using L Osm Contrast
Senior Editor,"Insertion of Infusion Device into Vas Deferens, Endo"
Clinical Specialist,"Drainage of L Shoulder Jt with Drain Dev, Perc Endo Approach"
Sales Associate,"Bypass Splenic Art to L Renal A w Autol Art, Open"
Programmer II,Coord/Dexterity Trmt Integu Low Back/LE w Prosthesis
Financial Advisor,"Introduction of Oth Hormone into Central Vein, Perc Approach"
Librarian,"Drainage of Left Metatarsal, Percutaneous Approach, Diagn"
Health Coach I,"Excision of Left Temporal Artery, Open Approach"
Chemical Engineer,"Dilate 4+ Cor Art, Bifurc, w 4 Drug-elut, Perc Endo"
Social Worker,"Destruction of Right Innominate Vein, Open Approach"
Desktop Support Technician,"Dilation of Pharynx, Via Natural or Artificial Opening"
Quality Engineer,"Occlusion L Lg Intest w Extralum Dev, Perc Endo"
Senior Cost Accountant,"Reposition Right Knee Joint, External Approach"
Account Coordinator,"Excision of Pudendal Nerve, Open Approach"
Operator,Beam Radiation of Left Breast using Photons >10 MeV
Software Consultant,"Ultrasonography of Right Heart, Transesophageal"
VP Sales,Beam Radiation of Diaphragm using Photons >10 MeV
Operator,"Inspection of Ureter, Endo"
Food Chemist,"Repair Left Shoulder Region, Percutaneous Approach"
Marketing Manager,"Revision of Nonaut Sub in Tracheobronc Tree, Via Opening"
Project Manager,"Drainage of R Up Arm Tendon with Drain Dev, Open Approach"
Environmental Specialist,"Dilation of R Foot Art with Intralum Dev, Perc Approach"
Structural Analysis Engineer,"Replace Face Skin w Autol Sub, Part Thick, Extern"
Geologist II,"Bypass Jejunum to Transverse Colon with Autol Sub, Endo"
Financial Analyst,"Extirpation of Matter from Olfact Nrv, Perc Endo Approach"
Accountant II,"Restriction of Left Kidney Pelvis, Percutaneous Approach"
Accounting Assistant II,"Removal of Synth Sub from R Sternoclav Jt, Perc Approach"
Account Executive,Plain Radiography of Right Shoulder using H Osm Contrast
VP Quality Control,"Insert Tissue Expander in Back Subcu/Fascia, Perc"
Computer Systems Analyst I,"Dilate of R Ant Tib Art with 4+ Intralum Dev, Open Approach"
Teacher,"Release Tongue, Palate, Pharynx Muscle, Perc Approach"
Marketing Manager,"Excision of Right Frontal Sinus, Perc Endo Approach, Diagn"
VP Quality Control,"Dilate L Com Carotid, Bifurc, w 4 Drug-elut, Open"
Sales Representative,Fluoroscopy of Bi Verteb Art using Oth Contrast
Web Designer II,"Revision of Radioact Elem in Low Jaw, Perc Endo Approach"
Analyst Programmer,"Drainage of R Low Lung Lobe with Drain Dev, Perc Approach"
Assistant Media Planner,"Excision of L Temporomandib Jt, Perc Approach, Diagn"
Cost Accountant,"Bypass L Renal Vein to Low Vein w Autol Sub, Open"
Tax Accountant,"Repair Ventricular Septum, Percutaneous Endoscopic Approach"
Tax Accountant,Plain Radiography of Bi Fallop Tube using Oth Contrast
Editor,"Insertion of Hybrid Ext Fix into R Radius, Perc Approach"
Marketing Assistant,"Replacement of Right Fibula with Synth Sub, Open Approach"
Tax Accountant,"Replacement of L Up Arm Tendon with Autol Sub, Open Approach"
VP Accounting,"Repair Right Lower Femur, External Approach"
Mechanical Systems Engineer,Fluoroscopy of Bladder
Engineer III,"Restriction of Left Ureter, Percutaneous Approach"
Electrical Engineer,"Revision of Int Fix in R Clavicle, Open Approach"
Structural Analysis Engineer,"Release Peroneal Nerve, Percutaneous Endoscopic Approach"
Graphic Designer,"Bypass Inf Vena Cava to Low Vein w Autol Sub, Perc Endo"
Quality Engineer,"Removal of Drain Dev from Endocrine Gland, Perc Approach"
Information Systems Manager,"Extirpation of Matter from L Foot Muscle, Perc Endo Approach"
Clinical Specialist,"Drainage of Right Kidney Pelvis, Endo, Diagn"
Senior Quality Engineer,"Excision of Left Zygomatic Bone, Open Approach"
Office Assistant IV,"Removal of Autol Sub from Up Intest Tract, Perc Approach"
Database Administrator IV,"Revision of Autol Sub in Tracheobronc Tree, Perc Approach"
Computer Systems Analyst I,"Restriction of Right Anterior Tibial Artery, Open Approach"
Legal Assistant,"Bypass Gallbladder to Cystic Duct, Perc Endo Approach"
Media Manager II,"Excision of Right Lesser Saphenous Vein, Perc Endo Approach"
Developer II,Fluoroscopy of Upper GI and Small Bowel
VP Sales,"Release L Up Arm Subcu/Fascia, Extern Approach"
Mechanical Systems Engineer,"Removal of Ext Fix from L Carpal, Perc Approach"
Data Coordiator,"Repair Bladder Neck, Via Natural or Artificial Opening"
Account Representative III,"Fluoroscopy of L Pelvic Vein using H Osm Contrast, Guidance"
Quality Engineer,"Repair Right Thumb Phalanx, Open Approach"
Chief Design Engineer,"Removal of Autol Sub from R Femur Shaft, Perc Endo Approach"
Marketing Manager,"Replacement of Sup Vena Cava with Autol Sub, Open Approach"
Quality Control Specialist,"Removal of Drainage Device from Vas Deferens, Via Opening"
Compensation Analyst,"Reposition Thoracic Spinal Cord, Perc Endo Approach"
Senior Editor,"Fragmentation in Pelvic Cavity, Perc Endo Approach"
Recruiter,"Bypass Stomach to Ileum, Open Approach"
Account Coordinator,"Dilate 3 Cor Art, Bifurc, w Radioact Intralum, Perc"
Media Manager III,"Insertion of Infusion Dev into R Lobe Liver, Open Approach"
VP Product Management,"Reattachment of Uterus, Open Approach"
Environmental Specialist,"Reposition Left Maxilla, Open Approach"
Marketing Manager,Traction of Abdominal Wall
Junior Executive,"Remove Infusion Dev from Prostate/Seminal Ves, Perc Endo"
VP Accounting,"Excision of Brachial Plexus, Open Approach"
Administrative Assistant II,"Repair Right Hepatic Duct, Percutaneous Endoscopic Approach"
Help Desk Operator,"Removal of Ext Fix from L Tarsal Jt, Extern Approach"
Paralegal,"Bypass L Fem Art to Low Ex Vein with Autol Vn, Open Approach"
Chemical Engineer,"Alteration of Left Upper Leg, Open Approach"
Assistant Professor,"Release Right Thumb Phalanx, Perc Endo Approach"
Assistant Professor,"Supplement R Metacarpocarp Jt with Autol Sub, Open Approach"
Teacher,"Occlusion of Esophagus with Extralum Dev, Open Approach"
Actuary,"Bypass Right Vas Deferens to L Epidid, Perc Endo Approach"
Compensation Analyst,Planar Nucl Med Imag of Digestive Sys using Oth Radionuclide
Financial Analyst,"Replacement of L Brach Vein with Nonaut Sub, Open Approach"
VP Quality Control,"Supplement R Foot Art with Nonaut Sub, Perc Endo Approach"
Nurse Practicioner,"Revision of Drainage Device in L Wrist Jt, Extern Approach"
Geologist IV,"Drainage of Right Carpal Joint, Perc Endo Approach, Diagn"
Food Chemist,"Inspection of Pancreatic Duct, Via Opening"
VP Product Management,"Release Left Axillary Lymphatic, Open Approach"
Actuary,"Repair Left Lacrimal Bone, External Approach"
Quality Control Specialist,"Restriction of Left Cephalic Vein, Open Approach"
Mechanical Systems Engineer,"Reposition Right Scapula, Percutaneous Endoscopic Approach"
Programmer Analyst IV,"Revision of Autol Sub in Low Back, Perc Endo Approach"
Account Coordinator,"Restriction of Mid Esophag with Extralum Dev, Perc Approach"
Office Assistant IV,"Insertion of Oth Dev into Retroperitoneum, Open Approach"
Compensation Analyst,"Extirpate of Matter from L Subclav Vein, Perc Endo Approach"
Nurse,"Occlusion of R Colic Art with Extralum Dev, Perc Approach"
Technical Writer,"Inspection of Kidney, Via Natural or Artificial Opening"
Chemical Engineer,"Bypass Sup Vena Cava to L Pulm Art w Zooplastic, Open"
Speech Pathologist,"Reposition Right Rib, Open Approach"
VP Quality Control,"Revision of Autol Sub in Trachea, Perc Approach"
Software Test Engineer IV,"Transfer Olfactory Nerve to Oculomotor N, Perc Endo Approach"
Compensation Analyst,Tomo Nucl Med Imag of Bilat Breast using Oth Radionuclide
Legal Assistant,"Excision of Prepuce, Percutaneous Approach, Diagnostic"
Human Resources Manager,"Bypass L Int Iliac Art to R Int Ilia w Nonaut Sub, Open"
Tax Accountant,Osteopathic Treatment of Up Extrem w L Velocity H Ampl
Structural Engineer,"Removal of Drain Dev from Sacrococcygeal Jt, Extern Approach"
Business Systems Development Analyst,"Monitoring of Arterial Sound, Peripheral, Open Approach"
Engineer IV,"Abortion of POC, Abortifacient, Via Opening"
Recruiter,"Removal of Drainage Device from Cereb Vent, Open Approach"
Librarian,"Revision of Monitoring Device in Liver, Perc Approach"
Legal Assistant,"Repair Right Lacrimal Duct, Endo"
Biostatistician III,"Introduction of Immunosuppressive into Peripheral Vein, Open"
Assistant Media Planner,"Extirpate matter from Uterine Support Struct, Open"
Budget/Accounting Analyst IV,Computerized Tomography (CT Scan) of Right Knee
Web Designer I,"Drainage of Left Hand Tendon, Perc Endo Approach"
Quality Control Specialist,"Revision of Intraluminal Device in Urethra, Endo"
Engineer IV,"Dilate of L Com Carotid with 4+ Intralum Dev, Open Approach"
Nurse Practicioner,"Insertion of Int Fix into L Temporomandib Jt, Perc Approach"
Sales Associate,"Eye, Release"
Compensation Analyst,"Revision of Drainage Device in Low Intest Tract, Via Opening"
Senior Financial Analyst,"Supplement Right Middle Finger with Synth Sub, Open Approach"
Health Coach IV,Plain Radiography of Left Clavicle
Nurse,"Excision of Right Ethmoid Sinus, Perc Approach, Diagn"
Sales Representative,"Repair Left Nipple, Percutaneous Approach"
Paralegal,"Drainage of Splenic Artery with Drain Dev, Open Approach"
Biostatistician III,"Bypass R Renal Vein to Low Vein w Synth Sub, Open"
Chief Design Engineer,"Release Right Thyroid Artery, Percutaneous Approach"
Director of Sales,MRI of Bi Com Carotid using Oth Contrast
Software Test Engineer IV,"Supplement R Brach Vein with Synth Sub, Perc Endo Approach"
Research Nurse,"Destruction of Right Tarsal, Open Approach"
Environmental Specialist,"Insertion of Radioact Elem into R Ankle, Perc Endo Approach"
Quality Engineer,"Reposition Sacral Nerve, Open Approach"
GIS Technical Architect,"Destruction of Left Hip Tendon, Open Approach"
Human Resources Manager,Sensory/Processing Assessment of Musculosk Up Back/UE
Tax Accountant,"Replace L Low Arm Subcu/Fascia w Autol Sub, Open"
Recruiter,"Bypass R Ext Jugular Vein to Up Vein w Synth Sub, Perc Endo"
Environmental Specialist,"Excision of Abdominal Sympathetic Nerve, Open Approach"
Senior Cost Accountant,"Supplement Hard Palate with Synth Sub, Open Approach"
Software Test Engineer IV,"Supplement R Shoulder Tendon w Nonaut Sub, Perc Endo"
Database Administrator IV,"Bypass Stomach to Cutaneous with Autol Sub, Open Approach"
Occupational Therapist,"Insert Infusion Dev in Epididymis/Sperm Cord, Via Opening"
Mechanical Systems Engineer,"Destruction of Perineum Tendon, Open Approach"
Technical Writer,"Repair Right Hip Bursa and Ligament, Percutaneous Approach"
VP Marketing,"Insertion of Infusion Dev into L Pleural Cav, Open Approach"
Actuary,"Restrict of L Temporal Art with Intralum Dev, Open Approach"
Help Desk Operator,"Bypass R Axilla Art to R Low Arm Art w Autol Vn, Open"
Teacher,"Removal of Nonaut Sub from L Hip Jt, Perc Endo Approach"
Safety Technician IV,"Excision of Left Ethmoid Sinus, Percutaneous Approach, Diagn"
Actuary,"Replacement of R Up Eyelid with Nonaut Sub, Extern Approach"
VP Sales,Beam Radiation of Buttock Skin using Photons <1 MeV
General Manager,"Insert of Infusion Dev into L Up Extrem, Perc Endo Approach"
Assistant Professor,"Bypass Left Fallopian Tube to Uterus, Perc Endo Approach"
Occupational Therapist,"Supplement L Ext Jugular Vein with Autol Sub, Open Approach"
Administrative Assistant I,Motor Functn Treatment of Integu Up Back/UE using Prosthesis
Human Resources Assistant IV,"Occlusion of Hepatic Vein, Percutaneous Endoscopic Approach"
Assistant Manager,"Repair Right Internal Carotid Artery, Percutaneous Approach"
Media Manager II,"Repair Left Mandible, Percutaneous Endoscopic Approach"
Junior Executive,"Bypass Cereb Vent to Atrium with Nonaut Sub, Perc Approach"
Senior Cost Accountant,"Reposition Right Metatarsal with Int Fix, Perc Approach"
VP Quality Control,"Bypass L Pulm Art from Carotid w Nonaut Sub, Perc Endo"
Senior Quality Engineer,"Removal of Drainage Device from R Low Extrem, Perc Approach"
Help Desk Operator,"Occlusion Int Mamm, R Lymph w Extralum Dev, Perc Endo"
Associate Professor,"Repair of Upper Tooth, Single, Open Approach"
Biostatistician III,"Drainage of Right External Carotid Artery, Open Approach"
Tax Accountant,"Bypass L Vas Deferens to R Vas Def w Synth Sub, Perc Endo"
Recruiter,"Destruction of Right Femoral Shaft, Perc Endo Approach"
Actuary,Compression of Back using Intermittent Pressure Device
Research Associate,"Remove Nonaut Sub from Epididymis/Sperm Cord, Perc"
Chemical Engineer,"Supplement Thor Jt with Nonaut Sub, Perc Approach"
Civil Engineer,"Detachment at Left Upper Leg, Low, Open Approach"
Senior Financial Analyst,"Destruction of Trachea, Percutaneous Endoscopic Approach"
Quality Engineer,"Fusion R Acromioclav Jt w Nonaut Sub, Perc Endo"
VP Marketing,"Repair Sigmoid Colon, Open Approach"
Actuary,"Drainage of R Ankle Bursa/Lig, Perc Endo Approach, Diagn"
Geologist IV,"Replacement of Nasal Turbinate with Nonaut Sub, Via Opening"
Engineer III,"Supplement Left 4th Toe with Autol Sub, Perc Endo Approach"
Account Executive,"Excision of Left Testis, Perc Endo Approach, Diagn"
Financial Advisor,"Release Toe Nail, External Approach"
Sales Associate,"Supplement Lg Intest with Nonaut Sub, Perc Endo Approach"
Health Coach II,"Extirpation of Matter from R Axilla Lymph, Perc Approach"
Sales Associate,"Bypass Esophag to Duoden with Synth Sub, Perc Endo Approach"
Tax Accountant,Hyperthermia of Right Breast
Chemical Engineer,"Drainage of Spinal Meninges, Open Approach, Diagnostic"
Assistant Professor,"Drainage of Left Seminal Vesicle, Open Approach"
VP Quality Control,"Insertion of Spacer into Right Ankle Joint, Open Approach"
Electrical Engineer,"Alteration of R Wrist with Nonaut Sub, Perc Endo Approach"
Quality Control Specialist,"Division of Right Lower Arm and Wrist Muscle, Perc Approach"
Electrical Engineer,"Removal of Ext Fix from L Fibula, Open Approach"
Budget/Accounting Analyst I,"Dilate of R Subclav Art with 4+ Intralum Dev, Perc Approach"
Web Designer I,"Revision of Intraluminal Device in Nose, Perc Approach"
Quality Control Specialist,"Destruction of R Low Arm & Wrist Muscle, Perc Approach"
Analog Circuit Design manager,"Restrict of L Com Carotid with Extralum Dev, Perc Approach"
Account Executive,"Bypass Right Popliteal Artery to Poplit Art, Open Approach"
VP Sales,"Release Sternum, Percutaneous Approach"
Media Manager II,"Insertion of Infusion Dev into R Subclav Vein, Perc Approach"
Teacher,"Removal of Int Fix from R Glenoid Cav, Extern Approach"
Human Resources Manager,"Extraction of Left Ankle Bursa and Ligament, Perc Approach"
Senior Cost Accountant,Beam Radiation of Back Skin using Photons 1 - 10 MeV
Programmer Analyst II,"Bypass L Com Iliac Art to L Femor A w Autol Art, Perc Endo"
Staff Accountant II,"Removal of Int Fix from L Metatarsal, Perc Endo Approach"
Project Manager,"Inspection of Female Perineum, Percutaneous Approach"
Assistant Professor,"Insertion of Limb Length Dev into R Fibula, Open Approach"
Electrical Engineer,"Release Left Lesser Saphenous Vein, Percutaneous Approach"
Administrative Assistant III,"Revision of Int Fix in R Knee Jt, Open Approach"
Mechanical Systems Engineer,"Excision of Left Ankle Tendon, Open Approach"
Assistant Manager,"Replace of L Int Jugular Vein with Nonaut Sub, Open Approach"
Technical Writer,"Inspection of Sinus, Percutaneous Endoscopic Approach"
Accounting Assistant II,"Removal of Ext Fix from L Up Femur, Perc Endo Approach"
Software Consultant,"Reposition Head Muscle, Open Approach"
Assistant Professor,"Repair Left Knee Tendon, Percutaneous Approach"
Librarian,"Remove Intralum Dev from Hepatobil Duct, Perc Endo"
Mechanical Systems Engineer,"Bypass Stomach to Duoden with Nonaut Sub, Perc Endo Approach"
Research Associate,"Revision of Synthetic Substitute in Up Art, Extern Approach"
Research Associate,"Introduction of Other Gas into Pleural Cavity, Perc Approach"
Senior Editor,"Revision of Other Device in Neck, Percutaneous Approach"
Associate Professor,"Drainage of Descending Colon with Drain Dev, Via Opening"
Biostatistician IV,Planar Nucl Med Imag of Thyroid Gland using Iodine 131
Occupational Therapist,"Revision of Intbd Fus Dev in Cerv Jt, Open Approach"
VP Quality Control,PET Imag of Heart using Oth Radionuclide
Environmental Tech,"Revision of Autol Sub in R Auditory Ossicle, Endo"
Registered Nurse,Plain Radiography of Right Shoulder using L Osm Contrast
Nurse Practicioner,Change Traction Apparatus on Right Upper Leg
Dental Hygienist,"Insertion of Infusion Dev into Mid Colic Art, Open Approach"
Software Consultant,"Revision of Zooplastic Tissue in Great Vessel, Open Approach"
Research Nurse,"Hepatobiliary System and Pancreas, Restriction"
Automation Specialist IV,"Restriction of Intracranial Vein, Open Approach"
Sales Representative,"Release Right Mandible, Percutaneous Approach"
Legal Assistant,"Bypass R Com Iliac Art to L Ext Ilia, Open Approach"
Associate Professor,"Reposition Right Acromioclavicular Joint, Perc Approach"
Account Executive,"Extirpation of Matter from R Lg Intest, Via Opening"
VP Product Management,"Fragmentation in Gallbladder, Via Opening"
Desktop Support Technician,"Supplement R Sacroiliac Jt with Autol Sub, Perc Approach"
Assistant Professor,"Supplement R Hip Jt, Acetab with Resurf Dev, Open Approach"
Programmer Analyst IV,"Supplement Right Lower Leg with Synth Sub, Open Approach"
Professor,"Supplement Jejunum with Autol Sub, Open Approach"
Speech Pathologist,Plain Radiography of Right Eye
Account Coordinator,"Drainage of Cervicothoracic Vertebral Joint, Perc Approach"
Design Engineer,"Dilate of R Less Saphenous with Intralum Dev, Open Approach"
Account Executive,"Bypass Splenic Vein to L Renal Vein w Nonaut Sub, Perc Endo"
Senior Developer,"Dilate R Int Mamm Art, Bifurc, w 4+ Intralum Dev, Perc Endo"
Senior Cost Accountant,"Repair Left Epididymis, Percutaneous Endoscopic Approach"
Programmer Analyst III,"Excision of Right Orbit, Percutaneous Endoscopic Approach"
Geological Engineer,Plaque Radiation of Thorax Lymphatics
Civil Engineer,"Drainage of Left Carotid Body with Drain Dev, Perc Approach"
Sales Associate,"Introduction of Radioactive Substance into GU Tract, Endo"
Chief Design Engineer,"Dilate R Com Iliac Art w 4+ Intralum Dev, Perc Endo"
Quality Control Specialist,"Revision of Synthetic Substitute in Urethra, Endo"
Tax Accountant,"Dilate of L Thyroid Art with 4+ Intralum Dev, Open Approach"
Administrative Officer,"Transfer R Up Arm Subcu/Fascia, Open Approach"
Product Engineer,"Drainage of Left Mastoid Sinus with Drain Dev, Perc Approach"
Quality Engineer,"Control Bleeding in Right Lower Leg, Percutaneous Approach"
Marketing Assistant,"Reposition L Humeral Head with Ring Ext Fix, Open Approach"
Internal Auditor,"Revision of Drainage Device in T-lum Disc, Perc Approach"
Design Engineer,"Release Right External Ear, Percutaneous Approach"
Chief Design Engineer,"Bypass 1 Cor Art from Cor Art w Autol Vn, Perc Endo"
Paralegal,"Removal of Other Device from R Low Extrem, Perc Approach"
Social Worker,"Supplement R Com Iliac Vein w Synth Sub, Perc Endo"
Pharmacist,"Robotic Assisted Procedure of Trunk Region, Via Opening"
Accounting Assistant I,"Supplement Pulmonary Valve with Zooplastic, Perc Approach"
Cost Accountant,"Change Drainage Device in R Low Extrem, Extern Approach"
Database Administrator II,"Release Left Testis, Percutaneous Approach"
Web Designer II,"Release Left Ureter, Percutaneous Endoscopic Approach"
Assistant Manager,"Repair Bilateral Ovaries, Percutaneous Endoscopic Approach"
Recruiter,"Bypass Upper Esophagus to Stomach with Autol Sub, Endo"
Web Designer IV,"Reposition Splenic Artery, Open Approach"
Nurse,"Drainage of Uterus, Endo"
Analog Circuit Design manager,"Drainage of Left Fibula with Drain Dev, Perc Endo Approach"
Accountant I,"Insertion of Infusion Device into Jejunum, Perc Approach"
Information Systems Manager,"Supplement L Humeral Head with Autol Sub, Perc Endo Approach"
Technical Writer,"Drainage of Right Acetabulum, Percutaneous Approach, Diagn"
Electrical Engineer,"Removal of Ext Fix from L Elbow Jt, Perc Endo Approach"
